{
    "Umidificatore": 0.3377555012702942,
    "Finestra": 0.3023955523967743,
    "Deumidificatore": 0.23339763283729553,
    "Riscaldamento": 0.05357025936245918,
    "Clima": 0.28952348232269287
}