{
    "Umidificatore": 0.27643731236457825,
    "Finestra": 0.30086350440979004,
    "Deumidificatore": 0.1907578855752945,
    "Riscaldamento": 0.07660706341266632,
    "Clima": 0.24302540719509125
}