{
    "Umidificatore": 0.12780781090259552,
    "Finestra": 0.08143927901983261,
    "Deumidificatore": 0.09284204244613647,
    "Riscaldamento": 0.00023574192891828716,
    "Clima": 0.18096137046813965
}