{
    "Umidificatore": 0.2828487753868103,
    "Finestra": 0.32711368799209595,
    "Deumidificatore": 0.21598003804683685,
    "Riscaldamento": 0.09433726966381073,
    "Clima": 0.3429812788963318
}