{
    "Umidificatore": 0.3235403001308441,
    "Finestra": 0.3658064603805542,
    "Deumidificatore": 0.2102624773979187,
    "Riscaldamento": 0.030348842963576317,
    "Clima": 0.33691370487213135
}