{
    "Umidificatore": 0.5293420553207397,
    "Finestra": 0.5811070799827576,
    "Deumidificatore": 0.42450523376464844,
    "Riscaldamento": 0.46092888712882996,
    "Clima": 0.7066553831100464
}