{
    "Umidificatore": 0.4259204864501953,
    "Finestra": 0.46668487787246704,
    "Deumidificatore": 0.4344891905784607,
    "Riscaldamento": 0.32300040125846863,
    "Clima": 0.5612639784812927
}