{
    "Umidificatore": 0.30610182881355286,
    "Finestra": 0.2862359881401062,
    "Deumidificatore": 0.13654857873916626,
    "Riscaldamento": 0.06949800252914429,
    "Clima": 0.3013313114643097
}