{
    "Umidificatore": 0.0781717598438263,
    "Finestra": 0.18303750455379486,
    "Deumidificatore": 0.0035342113114893436,
    "Riscaldamento": 4.413336476964512e-29,
    "Clima": 0.1090078130364418
}