{
    "Umidificatore": 0.30357569456100464,
    "Finestra": 0.3199176490306854,
    "Deumidificatore": 0.21830572187900543,
    "Riscaldamento": 0.033357150852680206,
    "Clima": 0.3303016424179077
}