{
    "Umidificatore": 0.2755756378173828,
    "Finestra": 0.3195442259311676,
    "Deumidificatore": 0.18700647354125977,
    "Riscaldamento": 0.09470228105783463,
    "Clima": 0.25690168142318726
}