{
    "Umidificatore": 0.44240957498550415,
    "Finestra": 0.5175437927246094,
    "Deumidificatore": 0.3984246551990509,
    "Riscaldamento": 0.17880964279174805,
    "Clima": 0.3756324052810669
}