{
    "Umidificatore": 0.48782914876937866,
    "Finestra": 0.541266679763794,
    "Deumidificatore": 0.4031873345375061,
    "Riscaldamento": 0.3534100353717804,
    "Clima": 0.7426934242248535
}