{
    "Umidificatore": 0.12014768272638321,
    "Finestra": 0.15380766987800598,
    "Deumidificatore": 0.044813428074121475,
    "Riscaldamento": 0.002227775054052472,
    "Clima": 0.1230769008398056
}