{
    "Umidificatore": 0.19939275085926056,
    "Finestra": 0.2699357569217682,
    "Deumidificatore": 0.11283710598945618,
    "Riscaldamento": 0.002592432079836726,
    "Clima": 0.31192535161972046
}