{
    "Umidificatore": 0.23301047086715698,
    "Finestra": 0.3134438097476959,
    "Deumidificatore": 0.21628694236278534,
    "Riscaldamento": 0.09619536995887756,
    "Clima": 0.2836901843547821
}