{
    "Umidificatore": 0.45396724343299866,
    "Finestra": 0.541172206401825,
    "Deumidificatore": 0.38514992594718933,
    "Riscaldamento": 0.2510789632797241,
    "Clima": 0.764002799987793
}