{
    "Umidificatore": 0.3138526976108551,
    "Finestra": 0.29590168595314026,
    "Deumidificatore": 0.15776686370372772,
    "Riscaldamento": 0.01486468967050314,
    "Clima": 0.3438243567943573
}