{
    "Umidificatore": 0.5077691078186035,
    "Finestra": 0.5499606728553772,
    "Deumidificatore": 0.6807464361190796,
    "Riscaldamento": 0.3424486815929413,
    "Clima": 0.774558961391449
}