{
    "Umidificatore": 0.1565457284450531,
    "Finestra": 0.21246673166751862,
    "Deumidificatore": 0.04779761657118797,
    "Riscaldamento": 0.00214850390329957,
    "Clima": 0.1360168606042862
}