{
    "Umidificatore": 0.021026892587542534,
    "Finestra": 0.16383007168769836,
    "Deumidificatore": 0.07427304238080978,
    "Riscaldamento": 5.34602643228547e-30,
    "Clima": 0.07467277348041534
}